{
  "explore_new_path": {
    "last_used": 1776206374.913102
  },
  "stabilize_and_observe": {
    "last_used": 1776206375.3624206
  },
  "probe_new_paths": {
    "last_used": 1776206375.5673478
  }
}